corpus-id	filename	xmlid	author-name	title	author-birth	author-death	author-gender	author-ids	reference-year	first-edition	digital-edition	print-edition	provenance	title-ids	language	numwords	subgenre	narrative-perspective	size-category	reprint-count	time-slot
ELTeC-srp	SRP18520_BogobojA_DvaIdola	SRP18520	Атанацковић, Богобој	Два идола	1826	1858	M	viaf:8970679 wikidata:Q833421	1852	1852	NA	1893	NA	wikidata:Q109336066	sr-cyrl	44207	NA	NA	short	high	T1
ELTeC-srp	SRP18590_JakovI_DjuradjB	SRP18590	Игњатовић, Јаков	Ђурађ Бранковић : историческиј роман	1822	1889	M	viaf:4995002 wikidata:Q570913	1859	1859	NA	1987	NA	wikidata:Q109336077	sr-cyrl	97481	NA	NA	medium	low	T1
ELTeC-srp	SRP18620_JednaZenidba	SRP18620	Игњатовић, Јаков	Једна женидба : слика из живота	1822	1889	M	viaf:4995002 wikidata:Q570913	1862	1862	NA	1953	NA	wikidata:Q109336089	sr-cyrl	20858	NA	NA	short	high	T2
ELTeC-srp	SRP18631_VladanDj_KocinaKrajna	SRP18631	Ђорђевић, Владан	Кочина крајина : историјски роман	1844	1930	M	viaf:106964101 wikidata:Q701339	1863	1863	NA	NA	NA	wikidata:Q109336100	sr-cyrl	66347	NA	NA	medium	low	T2
ELTeC-srp	SRP18630_JakovI_MilanN	SRP18630	Игњатовић, Јаков	Милан Наранџић	1822	1889	M	viaf:4995002 wikidata:Q570913	1863	1863	NA	1949	NA	wikidata:Q109336104	sr-cyrl	88117	NA	NA	medium	high	T2
ELTeC-srp	SRP18680_JovanGM_UGostionici	SRP18680	Грчић, Јован Миленко	"У гостионици код ""Полу-звезде"" на имендан шантавог торбара : Приповетка из народног живота"	1846	1875	M	viaf:37742606 Q13566195	1868	1868	NA	1987	NA	NA	sr-cyrl	19320	NA	NA	short	high	T2
ELTeC-srp	SRP18690_GmundenskoJezero	SRP18690	Ђорђевић, Владан	Гмунденско језеро : путничка новела	1844	1930	M	viaf:106964101 wikidata:Q701339	1869	1869	NA	NA	NA	wikidata:Q109335979	sr-cyrl	36543	NA	NA	short	low	T2
ELTeC-srp	SRP18691_PantaP_KakavJeKo	SRP18691	Поповић, Панта	Какав је ко онако му и бива : приповетка из народна живота / написао за народ Панта Поповић	1843	1918	M	wikidata:Q108983667	1869	1869	NA	NA	NA	wikidata:Q109336095	sr-cyrl	31620	NA	NA	short	low	T2
ELTeC-srp	SRP18730_JovanS_Kaludjer	SRP18730	Суботић, Јован	Калуђер : истина и поезија	1817	1886	M	viaf:55020645 wikidata:Q6194671	1874	1874	NA	1881	NA	wikidata:Q109336097	sr-cyrl	64724	NA	NA	medium	low	T2
ELTeC-srp	SRP18740_DjuraJ_Seljaci	SRP18740	Јакшић, Ђура	Сељаци : приповетка из сеоског живота, из године 1857.	1832	1878	M	viaf:47570198 wikidata:Q342124	1874	1874	NA	?	NA	wikidata:Q109336238	sr-cyrl	14247	NA	NA	short	high	T2
ELTeC-srp	SRP18751_MilivanG_GlavaSecera	SRP18751	Глишић, Милован	Глава шећера	1847	1908	M	viaf:73846855 wikidata:Q604086	1875	1875	1987	NA	Антологија српске књижевности, Учитељски факултет, Универзитет у Београду	wikidata:Q109303307	sr-cyrl	11035	NA	NA	short	high	T2
ELTeC-srp	SRP18750_JakovI_VasaRespekt	SRP18750	Игњатовић, Јаков	Васа Решпект	1822	1889	M	viaf:4995002 wikidata:Q570913	1875	1875	NA	1913	NA	viaf:4597155566462213380006 wikidata:Q109303305	sr-cyrl	48661	NA	NA	short	high	T2
ELTeC-srp	SRP18752_PeraR_BezOcaMajke	SRP18752	Радуловић, Пера	Без оца и мајке	NA	NA	M	wikidata:Q108839327	1875	1875	NA	1881	NA	wikidata:Q109303301	sr-cyrl	29321	NA	NA	short	low	T2
ELTeC-srp	SRP18741_DjuraJ_Banacanka	SRP18741	Јакшић, Ђура	Сирота Банаћанка	1832	1878	M	viaf:47570198 wikidata:Q342124	1875	1875	NA	2005	NA	wikidata:Q110814766	sr-cyrl	11223	NA	NA	short	high	T2
ELTeC-srp	SRP18760_DjuraJ_CicaTima	SRP18760	Јакшић, Ђура	Чича Тима : приповетка из учитељског живота	1832	1878	M	viaf:47570198 wikidata:Q109336256	1876	1876	NA	?	NA	wikidata:Q109336256	sr-cyrl	29793	NA	NA	short	low	T2
ELTeC-srp	SRP18780_BrankoM_PredZoru	SRP18780	Михајловић, Бранко [Љубиша Бранковић]	Пред зору : роман у два дела	1857	1918	M	viaf:85154625 wikidata:Q108839328	1878	1878	NA	NA	NA	wikidata:Q109336227	sr-cyrl	57165	NA	NA	medium	low	T2
ELTeC-srp	SRP18793_JovanJ_LjubavPatriot	SRP18793	Јеремић, Јован	Љубав и патриотизам	1860	1931	M	viaf:235008989 wikidata:Q110813745	1879	1879	NA	NA	NA	wikidata:Q110814768	sr-cyrl	10304	NA	NA	short	low	T2
ELTeC-srp	SRP18791_KostaB_PastirKralj	SRP18791	Барунчић, Коста	Пастир краљ или Ослобођење Србије : историјска приповетка / написао К. Б.	NA	NA	M	wikidata:Q108983662	1879	1879	NA	NA	NA	wikidata:Q109336116	sr-cyrl	32447	NA	NA	short	low	T2
ELTeC-srp	SRP18792_MilanDjM_Hajduci	SRP18792	Милићевић, Милан Ђ.	Хајдуци : биљешке с пута по Рујну	1831	1908	M	viaf:64038897 wikidata:Q2980829	1879	1879	NA	1922	NA	wikidata:Q110814337	sr-cyrl	13096	NA	NA	short	low	T2
ELTeC-srp	SRP18790_MilanDjM_JurmusaFatima	SRP18790	Милићевић, Милан Ђ.	Јурмуса и Фатима или Турска сила сама себе једе: прича о ослобођењу шест округа 1832-1834	1831	1908	M	viaf:64038897 wikidata:Q2980829	1879	1879	NA	NA	NA	wikidata:Q109336091	sr-cyrl	18012	NA	NA	short	low	T2
ELTeC-srp	SRP18800_DragocenaOgrlica	SRP18800	Комарчић, Лазар	Драгоцена огрлица: прича у своје време	1833	1909	M	viaf:14831335 wikidata:Q12754437	1880	1880	NA	NA	NA	wikidata:Q109336073	sr-cyrl	51104	NA	NA	medium	low	T3
ELTeC-srp	SRP18840_DraginjaG_IzUcitZivota	SRP18840	Гавриловић, Драга	Из учитељичког живота	1854	1917	F	viaf:17281658 wikidata:Q31181207	1884	1884	NA	1990	NA	wikidata:Q109336083	sr-cyrl	18652	NA	NA	short	high	T3
ELTeC-srp	SRP18860_MilanDjM_OmerCelebija	SRP18860	Милићевић, Милан Ђ.	Омер Челебија : приповијетка из живота српскога народа	1831	1908	M	viaf:64038897 wikidata:Q2980829	1886	1886	NA	NA	NA	wikidata:Q109336114	sr-cyrl	33284	NA	NA	short	low	T3
ELTeC-srp	SRP18871_LazarK_MojKocijas	SRP18871	Комарчић, Лазар	Мој кочијаш : слике 1883 године	1833	1909	M	viaf:14831335 wikidata:Q12754437	1887	1887	NA	NA	NA	wikidata:Q109336107	sr-cyrl	62835	NA	NA	medium	low	T3
ELTeC-srp	SRP18870_DraginjaG_Babadevojka	SRP18870	Гавриловић, Драга	Бабадевојка	1854	1917	F	viaf:17281658 wikidata:Q31181207	1887	1887	NA	1990	NA	wikidata:Q109303299	sr-cyrl	19350	NA	NA	short	high	T3
ELTeC-srp	SRP18881_PavleMA_DuhVremena	SRP18881	Марковић Адамов, Павле	Дух времена сад је таки!	1855	1907	M	viaf:63747033 wikidata:Q1563693	1888	1888	NA	2007	NA	wikidata:Q109336074	sr-cyrl	34956	NA	NA	short	low	T3
ELTeC-srp	SRP18880_Sapcanin_Sanjalo	SRP18880	Поповић-Шапчанин, Милорад	Сањало	1847	1895	M	viaf:79455054 wikidata:Q4806445	1888	1888	NA	1912	NA	wikidata:Q109336236	sr-cyrl	44760	NA	NA	short	low	T3
ELTeC-srp	SRP18883_JakovI_Patnica	SRP18883	Игњатовић, Јаков	Патница : роман	1822	1889	M	viaf:4995002 wikidata:Q570913	1888	1888	NA	1936	NA	NA	sr-cyrl	113699	NA	NA	long	low	T3
ELTeC-srp	SRP18932_JankoV_Seljanka	SRP18932	Веселиновић, Јанко М.	Сељанка : приповетка из сеоског живота	1862	1905	M	viaf:66316956 wikidata:Q713652	1888	1888	NA	1893	NA	wikidata:Q109336237	sr-cyrl	41635	NA	NA	short	high	T3
ELTeC-srp	SRP18882_StevanVP_SumarevaCerka	SRP18882	Поповић, Стеван В.	Шумарева ћерка : приповетка из српскога живота / написао С. В. Поповић	1845	1918	M	viaf:262110860 wikidata:Q1291614	1888	1888	NA	NA	NA	wikidata:Q109336259	sr-cyrl	61971	NA	NA	medium	low	T3
ELTeC-srp	SRP18892_PeraTod_SilazakSPrestola	SRP18892	Тодоровић, Пера	Силазак с престола : роман / написао Карио Амурели	1852	1907	M	viaf:2788090 wikidata:Q12757120	1889	1889	NA	1892	NA	wikidata:Q109336240	sr-cyrl	140344	NA	NA	long	low	T3
ELTeC-srp	SRP18891_JankoV_Borci	SRP18891	Веселиновић, Јанко М.	Борци : роман из сеоског живота. Свеска 1	1862	1905	M	viaf:66316956 wikidata:Q713652	1889	1889	NA	NA	NA	wikidata:Q109335973	sr-cyrl	34683	NA	NA	short	high	T3
ELTeC-srp	SRP18890_DraginjaG_DevRoman	SRP18890	Гавриловић, Драга	Девојачки роман	1854	1917	F	viaf:17281658 wikidata:Q31181207	1889	1889	NA	1990	NA	wikidata:Q109336069	sr-cyrl	50732	NA	NA	medium	high	T3
ELTeC-srp	SRP18911_StevanJJ_Danica	SRP18911	Јевтић, Стеван Ј.	Даница : роман из београдског живота	1854	1904	M	viaf:68773127	1891	1891	NA	NA	NA	wikidata:Q109335983	sr-cyrl	33463	NA	NA	short	low	T3
ELTeC-srp	SRP18910_CyedomirM_Ikonija	SRP18910	Мијатовић, Чедомиљ	Иконија везирова мајка: приповетка из XVII века	1842	1932	M	viaf:42116339 wikidata:Q8079697	1891	1891	NA	NA	NA	wikidata:Q109336085	sr-cyrl	23508	NA	NA	short	low	T3
ELTeC-srp	SRP18921_DusanR_SrbinHrvatica	SRP18921	Рогић, Душан	Србин и Хрватица или љубав и народност : роман : Из народносних размирица Срба и Хрвата у Загребу	1855	NA	M	viaf:94150747024316301259 wikidata:Q108983659	1892	1892	NA	NA	NA	wikidata:Q109336245	sr-cyrl	10333	NA	NA	short	low	T3
ELTeC-srp	SRP18923_NN_BeogradskeTajne	SRP18923	Тодоровић, Пера	Београдске тајне : историски роман из српске прошлости, с краја прошлог века!. Св. 1	1852	1907	M	viaf:2788090 wikidata:Q12757120	1892	1892	NA	NA	NA	wikidata:Q109303302	sr-cyrl	131254	NA	NA	long	low	T3
ELTeC-srp	SRP18922_SimoM_Bakonja	SRP18922	Матавуљ, Симо	Бакоња фра-Брне : његово ђаковање и постриг	1852	1908	M	viaf:22201524 wikidata:Q1275981	1892	1892	NA	1893	NA	viaf:3724151656276608400000 wikidata:Q109303300	sr-cyrl	55285	NA	NA	medium	high	T3
ELTeC-srp	SRP18935_RobinjicaZlata	SRP18935	Јовичић, Живојин	Робињица Злата : приповетка из прошлости	1837	1908	M	wikidata:Q108983660	1893	1893	NA	NA	NA	wikidata:Q109336235	sr-cyrl	28468	NA	NA	short	low	T3
ELTeC-srp	SRP18934_LazarK_1RazorenUm	SRP18934	Комарчић, Лазар	Један разорен ум	1833	1909	M	viaf:14831335 wikidata:Q12754437	1893	1893	NA	NA	NA	wikidata:Q109336088	sr-cyrl	36400	NA	NA	short	high	T3
ELTeC-srp	SRP18933_PeraTod_SmrtKaradjordja	SRP18933	Тодоровић, Пера	Смрт Карађорђева : историски роман из недавне прошлости	1852	1907	M	viaf:2788090 wikidata:Q12757120	1893	1893	NA	1928	NA	wikidata:Q109336243	sr-cyrl	78820	NA	NA	medium	high	T3
ELTeC-srp	SRP18930_AndraG_PrveZrtve	SRP18930	Гавриловић, Андра	Прве жртве: приповетка из српске прошлости	1864	1929	M	viaf:14822825 wikidata:Q4754652	1893	1893	NA	NA	NA	wikidata:Q109336124	sr-cyrl	36654	NA	NA	short	low	T3
ELTeC-srp	SRP18941_StevanS_PopViraPopSpira	SRP18941	Сремац, Стеван	Поп Ћира и поп Спира : приповетка	1855	1906	M	viaf:66526515 wikidata:Q559989	1894	1894	NA	1898	NA	viaf:5950153063248319320004 wikidata:Q109336121	sr-cyrl	94338	NA	NA	medium	high	T3
ELTeC-srp	SRP18940_MihailoS_RadeticaMara	SRP18940	Сретеновић, Михаило	Радетића Мара: приповетка из сеоскога живота	1866	1934	M	viaf:305714513 wikidata:Q108983664	1894	1894	NA	1895	NA	wikidata:Q109336232	sr-cyrl	40034	NA	NA	short	low	T3
ELTeC-srp	SRP18942_DimitijeR-Sinovac	SRP18942	Радовић, Димитрије	Синовац : оригинални роман	NA	NA	M	wikidata:Q108839326	1894	1894	NA	1907	NA	wikidata:Q109336241	sr-cyrl	37860	NA	NA	short	low	T3
ELTeC-srp	SRP18950_StevanS_IvakovaSlava	SRP18950	Сремац, Стеван	Ивкова слава : приповетка	1855	1906	M	viaf:66526515 wikidata:Q559989	1895	1895	NA	1899	NA	viaf:4401156990991061180007 wikidata:Q109336082	sr-cyrl	42963	NA	NA	short	high	T3
ELTeC-srp	SRP18951_VladimirS_KaznjenoNeverstvo	SRP18951	NA	Кажњено неверство : најновији роман	NA	NA	M	wikidata:Q108983654	1895	1895	NA	NA	NA	wikidata:Q109336094	sr-cyrl	71824	NA	NA	medium	low	T3
ELTeC-srp	SRP18961_StevanM_NejednakaBraca_corr_20201221	SRP18961	Мамузић, Стеван	Неједнака браћа : приповетка за народ	NA	NA	M	viaf:128149841986602842118 wikidata:Q108944907	1896	1896	NA	NA	NA	wikidata:Q109336110	sr-cyrl	20478	NA	NA	short	low	T3
ELTeC-srp	SRP18964_AndraG_DespotovaVlastela	SRP18964	Гавриловић, Андра	Деспотова властела : роман из српске прошлости	1864	1929	M	viaf:14822825 wikidata:Q4754652	1896	1896	NA	NA	NA	wikidata:Q109336071	sr-cyrl	51288	NA	NA	medium	low	T3
ELTeC-srp	SRP18965_KostaP_Neimari_saKrajem	SRP18965	Петровић, Коста	Неимари : роман из новије српске историје	1858	1928	M	viaf:74867281 wikidata:Q108981078	1896	1896	NA	NA	NA	wikidata:Q109336109	sr-cyrl	55063	NA	NA	medium	low	T3
ELTeC-srp	SRP18963_Hajduk_Stanko	SRP18963	Веселиновић, Јанко М.	Хајдук Станко : историјски роман	1862	1905	M	viaf:66316956 wikidata:Q713652	1896	1896	NA	NA	Антологија српске књижевности, Учитељски факултет, Универзитет у Београду	viaf:312345632 wikidata:Q109336251	sr-cyrl	93693	NA	NA	medium	high	T3
ELTeC-srp	SRP18966_JasaT_Nazareni	SRP18966	Томић, Јаша	Назарени : роман	1856	1922	M	viaf:5742092 wikidata:Q6168574	1896	1896	NA	1896	NA	wikidata:Q109336108	sr-cyrl	74956	NA	NA	medium	low	T3
ELTeC-srp	SRP18971_SvetolikR_GorskiCar	SRP18971	Ранковић, Светолик	Горски цар : роман	1863	1899	M	viaf:29567902 wikidata:Q3978508	1897	1897	NA	NA	Антологија српске књижевности, Учитељски факултет, Универзитет у Београду	wikidata:Q109335980	sr-cyrl	64993	NA	NA	medium	high	T3
ELTeC-srp	SRP18970_StevanMat_GroficaAgnesa	SRP18970	Матијашић, Стеван М.	Грофица Агнеша Јанковић : роман	NA	NA	M	wikidata:Q108983683	1897	1897	NA	NA	NA	wikidata:Q109335982	sr-cyrl	71448	NA	NA	medium	low	T3
ELTeC-srp	SRP19040_DragutinI_Djera	SRP19040	Илић, Драгутин Ј.	Хаџи-Ђера : приповетка	1858	1926	M	viaf:79412565 wikidata:Q16088422	1897	1897	NA	1904	NA	wikidata:Q109336254	sr-cyrl	53009	NA	NA	medium	high	T3
ELTeC-srp	SRP18980_LazaL_Svabica	SRP18980	Лазаревић, Лаза К.	Швабица	1851	1891	M	viaf:17270562 wikidata:Q975807	1898	1898	NA	1912	NA	wikidata:Q109336257	sr-cyrl	13848	NA	NA	short	high	T3
ELTeC-srp	SRP18992_VelislavJ_LutajuceDuse	SRP18992	Јањић, Велислав	Лутајуће душе : приповетка за поуку : намењено задругарству	NA	NA	M	wikidata:Q107204161	1899	1899	NA	NA	NA	wikidata:Q109336103	sr-cyrl	31258	NA	NA	short	low	T3
ELTeC-srp	SRP18990_MijatovicCy_KnezGradoje	SRP18990	Мијатовић, Чедомиљ	Кнез Градоје од Орлова Града : приповетка из времена боја на Косову	1842	1932	M	viaf:42116339 wikidata:Q8079697	1899	1899	NA	NA	NA	wikidata:Q109336098	sr-cyrl	45062	NA	NA	short	low	T3
ELTeC-srp	SRP18993_SvetolikR_SeoskaUciteljica	SRP18993	Ранковић, Светолик	Сеоска учитељица : роман	1863	1899	M	viaf:29567902 wikidata:Q3978508	1899	1899	NA	NA	NA	wikidata:Q109336239	sr-cyrl	58821	NA	NA	medium	high	T3
ELTeC-srp	SRP18991_BorisavS_UvelaRuza	SRP18991	Станковић, Борисав	Увела ружа	1876	1927	M	viaf:76323147 wikidata:Q370392	1899	1899	NA	1912	NA	viaf:310476779 wikidata:Q109336249	sr-cyrl	10080	NA	NA	short	high	T3
ELTeC-srp	SRP19002_KrvaviZlocin	SRP19002	Кара-Радовановић, Павле	Крвави злочин у браку без љубави	NA	NA	M	wikidata:Q108983666	1900	1900	NA	NA	NA	wikidata:Q109336101	sr-cyrl	20414	NA	NA	short	low	T4
ELTeC-srp	SRP19001_MilanovoSkolovanje	SRP19001	Тутуновић, Радојица В.	Миланово школовање	NA	NA	M	wikidata:Q108983670	1900	1900	NA	NA	NA	wikidata:Q109336105	sr-cyrl	69511	NA	NA	medium	low	T4
ELTeC-srp	SRP19000_SvetolikR_PoruseniIdeali	SRP19000	Ранковић, Светолик	Порушени идеали : роман	1863	1899	M	viaf:29567902 wikidata:Q3978508	1900	1900	NA	NA	NA	wikidata:Q109336122	sr-cyrl	57371	NA	NA	medium	high	T4
ELTeC-srp	SRP19012_JelenaD_DjulMarika	SRP19012	Димитријевић, Јелена	Ђул-Марикина прикажња : приповетка	1862	1945	F	viaf:70015495 wikidata:Q3625974	1901	1901	NA	NA	NA	wikidata:Q109336076	sr-cyrl	20244	NA	NA	short	low	T4
ELTeC-srp	SRP19011_VidVV_CarDubrovnik	SRP19011	Вулетић-Вукасовић, Вид	Причек Цара Душана у Дубровнику год. 1349. : историчка новела из XIVв.	1853	1933	M	viaf:303498941 wikidata:Q7927613	1901	1901	NA	1912	NA	wikidata:Q109336229	sr-cyrl	24883	NA	NA	short	low	T4
ELTeC-srp	SRP19010_TodorP_Gila	SRP19010	Поповић, Тодор Љ.	Гила : новела из сеоског живота	1870	1957	M	viaf:1325145856883922920245 wikidata:Q108983685	1901	1901	NA	1935	NA	wikidata:Q109303306	sr-cyrl	34960	NA	NA	short	low	T4
ELTeC-srp	SRP19025_RadojeD_Stradija	SRP19025	Домановић, Радоје М.	Страдија. 1	1873	1908	M	viaf:7623303 wikidata:Q1280278	1902	1902	NA	NA	NA	viaf:175915304 wikidata:Q109336246	sr-cyrl	19747	NA	NA	short	high	T4
ELTeC-srp	SRP19021_BranislavN_OpstinskoDet	SRP19021	Нушић, Бранислав	Општинско дете: роман једног одојчета	1864	1938	M	viaf:73889774 wikidata:Q315136	1902	1902	NA	1932	NA	wikidata:Q109336115	sr-cyrl	63780	NA	NA	medium	high	T4
ELTeC-srp	SRP19023_DragutinR_Slavko	SRP19023	Ранковић, Драгутин Ј.	Славко	1882	1956	M	viaf:252838823 wikidata:Q108983658	1902	1902	NA	NA	NA	wikidata:Q109336242	sr-cyrl	25302	NA	NA	short	low	T4
ELTeC-srp	SRP19024_MickoHarambasa	SRP19024	Тасић, Димитрије С.	Харамбаша Мицко : српски војвода и заточеник у Фесану	NA	NA	M	viaf:305715401 wikidata:Q108983655	1902	1902	NA	1926	NA	wikidata:Q109336252	sr-cyrl	59480	NA	NA	medium	low	T4
ELTeC-srp	SRP19031_BozaS_DveSestre	SRP19031	Савић, Божа	Две сестре или Самоубиство једне шваље : слика из београдског живота	1862	1927	M	viaf:305714596 wikidata:Q108979609	1903	1903	NA	NA	NA	wikidata:Q109336067	sr-cyrl	54818	NA	NA	medium	low	T4
ELTeC-srp	SRP19070_JelenaD_FatiSultan	SRP19070	Димитријевић, Јелена	Фати-султан	1862	1945	F	viaf:70015495 wikidata:Q3625974	1903	1903	NA	1907	NA	wikidata:Q109336250	sr-cyrl	25421	NA	NA	short	low	T4
ELTeC-srp	SRP19030_PrvoVeselje	SRP19030	Костић, Тадија П.	Прво весеље : приповетка	1863	1927	M	viaf:35277007 wikidata:Q12759877	1903	1903	NA	NA	NA	wikidata:Q109336125	sr-cyrl	37860	NA	NA	short	low	T4
ELTeC-srp	SRP19041_IvoC_ZaKruhom	SRP19041	Ћипико, Иво	За крухом	1869	1923	M	viaf:22935492 wikidata:Q1276843	1904	1904	NA	NA	Антологија српске књижевности, Учитељски факултет, Универзитет у Београду	wikidata:Q109336079	sr-cyrl	53434	NA	NA	medium	high	T4
ELTeC-srp	SRP19051_SvetozarC_ZenidbaPK	SRP19051	Ћоровић, Светозар	Женидба Пере Карантана	1875	1919	M	viaf:136335 wikidata:Q1393103	1905	1905	NA	NA	NA	wikidata:Q109336078	sr-cyrl	24155	NA	NA	short	low	T4
ELTeC-srp	SRP19060_PeraT_Novac	SRP19060	Талетов, Пера С.	Новац : роман из београдског живота	1875	1955	M	viaf:26486103 wikidata:Q108983669	1906	1906	NA	NA	NA	wikidata:Q109336112	sr-cyrl	81145	NA	NA	medium	low	T4
ELTeC-srp	SRP19062_KostaJ_ZlocinSvekrve	SRP19062	Јездић, Коста Д.	Злочин једне свекрве : криминална приповетка : из скоре прошлости / по аутентичним податцима и судским актима написао К. Д. Јездић	1853	1930	M	viaf:58399970 wikidata:Q108983663	1906	1906	NA	1923	NA	wikidata:Q109336080	sr-cyrl	40431	NA	NA	short	low	T4
ELTeC-srp	SRP19061_DragutinI_HadziDisa	SRP19061	Илић, Драгутин Ј.	Хаџи-Диша : роман из живота старог Београда	1858	1926	M	viaf:79412565 wikidata:Q16088422	1906	1906	NA	1908	NA	wikidata:Q109336253	sr-cyrl	60999	NA	NA	medium	high	T4
ELTeC-srp	SRP19063_RadovanTPN_ZemljaPlaca	SRP19063	Тунгуз-Перовић, Радован	Из земље плача	1879	1944	M	viaf:305581066 wikidata:Q110813765	1906	1906	NA	NA	NA	wikidata:Q110814344	sr-cyrl	53737	NA	NA	medium	low	T4
ELTeC-srp	SRP19071_StevanS_ZonaZ	SRP19071	Сремац, Стеван	Зона Замфирова : приповетка	1855	1906	M	viaf:66526515 wikidata:Q559989	1907	1907	NA	1947	NA	viaf:6726152502776510800003 wikidata:Q109336081	sr-cyrl	51414	NA	NA	medium	high	T4
ELTeC-srp	SRP19080_ModernoRoblje	SRP19080	Петровић, Бошко Ст.	Модерно робље : роман из живота босанских Срба	1869	1913	M	wikidata:Q108979610	1908	1908	NA	NA	NA	wikidata:Q109336106	sr-cyrl	64727	NA	NA	medium	low	T4
ELTeC-srp	SRP19091_SretenD_Preporodjaj	SRP19091	Динић, Сретен	Препорођај	1875	1949	M	viaf:55248036 wikidata:Q16087986	1909	1909	NA	NA	NA	wikidata:Q109336228	sr-cyrl	34074	NA	NA	short	low	T4
ELTeC-srp	SRP19090_IvoC_Pauci	SRP19090	Ћипико, Иво	Пауци	1869	1923	M	viaf:22935492 wikidata:Q1276843	1909	1909	NA	NA	NA	viaf:8035151656335508400003 wikidata:Q109336118	sr-cyrl	42271	NA	NA	short	high	T4
ELTeC-srp	SRP19101_BorisavS_NecistaKrv	SRP19101	Станковић, Борисав	Нечиста крв	1876	1927	M	viaf:76323147 wikidata:Q370392	1910	1910	NA	NA	NA	viaf:208715862 wikidata:Q109336111	sr-cyrl	67341	NA	NA	medium	high	T4
ELTeC-srp	SRP19100_MilutinU_Dosljaci	SRP19100	Ускоковић, Милутин	Дошљаци : роман	1884	1915	M	viaf:14831361 wikidata:Q3314554	1910	1910	NA	1932	NA	viaf:2270156374127807710006 wikidata:Q109336072	sr-cyrl	81827	NA	NA	medium	high	T4
ELTeC-srp	SRP19102_JovanM_Radisa	SRP19102	Миодраговић, Јован	Радиша или какав нам учитељ треба на селу	1854	1926	M	viaf:37838247 wikidata:Q65196974	1910	1910	NA	NA	NA	wikidata:Q109336233	sr-cyrl	121441	NA	NA	long	low	T4
ELTeC-srp	SRP19120_JelenaD-Nove	SRP19120	Димитријевић, Јелена	Нове : роман	1862	1945	F	viaf:70015495 wikidata:Q3625974	1912	1912	NA	NA	NA	wikidata:Q109336113	sr-cyrl	94927	NA	NA	medium	low	T4
ELTeC-srp	SRP19121_VeljkoM_Bespuce	SRP19121	Милићевић, Вељко М.	Беспуће	1886	1929	M	viaf:81151776825018012654 wikidata:Q12749719	1912	1912	NA	NA	NA	viaf:182747317 wikidata:Q109303303	sr-cyrl	21144	NA	NA	short	high	T4
ELTeC-srp	SRP19131_VladanDj_UFront	SRP19131	Ђорђевић, Владан	У фронт : приповетка из живота једног бившег краља	1844	1930	M	viaf:106964101 wikidata:Q701339	1913	1913	NA	NA	NA	wikidata:Q109336248	sr-cyrl	29543	NA	NA	short	low	T4
ELTeC-srp	SRP19132_SvetozarC_Jarani	SRP19132	Ћоровић, Светозар	Јарани : приповетка	1875	1919	M	viaf:136335 wikidata:Q1393103	1913	1913	NA	1953	NA	wikidata:Q109336086	sr-cyrl	47623	NA	NA	short	low	T4
ELTeC-srp	SRP19130_StojanN_KaludjerHajduk	SRP19130	Новаковић, Стојан	Калуђер и хајдук : приповетка о последњим данима Србије у XV веку	1842	1915	M	viaf:64052399 wikidata:Q1276512	1913	1913	NA	NA	NA	wikidata:Q109336096	sr-cyrl	60464	NA	NA	medium	high	T4
ELTeC-srp	SRP19141_MladenDj_KadSumeTalasi	SRP19141	Ђуричић, Младен Ст.	Кад шуме таласи	1889	1987	M	viaf:38235595 wikidata:Q14337072	1914	1914	NA	NA	NA	wikidata:Q109336093	sr-cyrl	10399	NA	NA	short	low	T4
ELTeC-srp	SRP19140_MilutinU_CedomirIlic	SRP19140	Ускоковић, Милутин	Чедомир Илић : роман	1884	1915	M	viaf:14831361 wikidata:Q3314554	1914	1914	NA	NA	NA	viaf:177891853 wikidata:Q109336255	sr-cyrl	53474	NA	NA	medium	high	T4
ELTeC-srp	SRP19181_DragomirSP_VojnikStojan	SRP19181	NA	Војник Стојан : недовршен ратни роман	NA	NA	M	viaf:1585145856998122920810 wikidata:Q110813722	1918	1918	NA	NA	NA	wikidata:Q110814770	sr-cyrl	52913	NA	NA	medium	low	T4
ELTeC-srp	SRP19180_MilicaJ_PreSrece	SRP19180	Јанковић, Милица	Пре среће	1881	1939	F	viaf:41876311 wikidata:Q292905	1918	1918	NA	NA	NA	wikidata:Q109336226	sr-latn	32555	NA	NA	short	low	T4
ELTeC-srp	SRP19192_SvetozarC_Ucelijama	SRP19192	Ћоровић, Светозар	У ћелијама	1875	1919	M	viaf:136335 wikidata:Q1393103	1919	1919	NA	NA	NA	wikidata:Q109336247	sr-latn	38705	NA	NA	short	low	T4
ELTeC-srp	SRP19190_IsidoraS_Djakon	SRP19190	Секулић, Исидора	Ђакон Богородичине цркве	1877	1958	F	viaf:4943681 wikidata:Q1279865	1919	1919	NA	NA	NA	wikidata:Q109336075	sr-cyrl	51973	NA	NA	medium	high	T4
ELTeC-srp	SRP19201_BranislavN_1915	SRP19201	Нушић, Бранислав	Деветсто петнаеста : трагедија једног народа	1864	1938	M	viaf:73889774 wikidata:Q315136	1920	1920	NA	1921	NA	viaf:316307701 wikidata:Q109336068	sr-cyrl	155059	NA	NA	long	high	T4
ELTeC-srp	SRP19200_DragomirS_JedanOd	SRP19200	Шишковић, Драгомир	Један од многих : роман из престоничког живота	NA	NA	M	Q108983656	1920	1920	NA	NA	NA	wikidata:Q109336087	sr-cyrl	17942	NA	NA	short	low	T4
ELTeC-srp	SRP19203_KamenkoS_LegijaSmrti	SRP19203	Суботић, Каменко	Легија смрти : роман из Балканског рата 1912/1913. (написао Бранислав Јуришић)	1870	1932	M	viaf:184145541835596601348 wikidata:Q61131309	1920	1920	NA	NA	NA	wikidata:Q109336102	sr-cyrl	156268	NA	NA	long	low	T4
